customer_id,customer_name,phone,email,address,created_at
1,Aarav Joshi,+91-9895822412,aarav.joshi1@samplemail.com,"Flat 126, Indiranagar, Bengaluru",2026-04-01 10:00:00
2,Vivaan Kapoor,+91-9846913810,vivaan.kapoor2@samplemail.com,"Flat 329, Juhu, Mumbai",2026-04-01 10:00:00
3,Aditya Bansal,+91-9828728463,aditya.bansal3@samplemail.com,"Flat 793, Defense Colony, New Delhi",2026-04-01 10:00:00
4,Vihaan Prasad,+91-9883197857,vihaan.prasad4@samplemail.com,"Flat 705, Koregaon Park, Pune",2026-04-01 10:00:00
5,Arjun Shinde,+91-9866629388,arjun.shinde5@samplemail.com,"Flat 131, Adyar, Chennai",2026-04-01 10:00:00
6,Sai Yadav,+91-9822575562,sai.yadav6@samplemail.com,"Flat 339, Ballygunge, Kolkata",2026-04-01 10:00:00
7,Reyansh Bose,+91-9877827638,reyansh.bose7@samplemail.com,"Flat 675, Panaji, Goa",2026-04-01 10:00:00
8,Ayaan Nair,+91-9836687537,ayaan.nair8@samplemail.com,"Flat 326, Indira Nagar, Nashik",2026-04-01 10:00:00
9,Krishna Rao,+91-9870291817,krishna.rao9@samplemail.com,"Flat 107, Sector 35, Chandigarh",2026-04-01 10:00:00
10,Ishaan Choudhary,+91-9831429110,ishaan.choudhary10@samplemail.com,"Flat 449, Gachibowli, Hyderabad",2026-04-01 10:00:00
11,Shaurya Mukherjee,+91-9847295260,shaurya.mukherjee11@samplemail.com,"Flat 321, Koramangala, Bengaluru",2026-04-01 10:00:00
12,Atharv Hegde,+91-9855176955,atharv.hegde12@samplemail.com,"Flat 195, Bandra West, Mumbai",2026-04-01 10:00:00
13,Advik Merchant,+91-9860992979,advik.merchant13@samplemail.com,"Flat 468, Defense Colony, New Delhi",2026-04-01 10:00:00
14,Pranav Shukla,+91-9856164955,pranav.shukla14@samplemail.com,"Flat 145, Kalyani Nagar, Pune",2026-04-01 10:00:00
15,Kabir Iyer,+91-9871662963,kabir.iyer15@samplemail.com,"Flat 228, Boat Club, Chennai",2026-04-01 10:00:00
16,Ananya Tiwari,+91-9860806024,ananya.tiwari16@samplemail.com,"Flat 666, Salt Lake, Kolkata",2026-04-01 10:00:00
17,Diya Sundaram,+91-9849349722,diya.sundaram17@samplemail.com,"Flat 692, Calangute, Goa",2026-04-01 10:00:00
18,Ira Singhania,+91-9835808537,ira.singhania18@samplemail.com,"Flat 147, Gangapur Road, Nashik",2026-04-01 10:00:00
19,Myra Ghosh,+91-9898753260,myra.ghosh19@samplemail.com,"Flat 892, Sector 17, Chandigarh",2026-04-01 10:00:00
20,Saanvi Iyer,+91-9848840994,saanvi.iyer20@samplemail.com,"Flat 339, Banjara Hills, Hyderabad",2026-04-01 10:00:00
21,Aanya Tripathi,+91-9823556182,aanya.tripathi21@samplemail.com,"Flat 385, Whitefield, Bengaluru",2026-04-01 10:00:00
22,Pari Kumar,+91-9870855700,pari.kumar22@samplemail.com,"Flat 267, Colaba, Mumbai",2026-04-01 10:00:00
23,Riya Agarwal,+91-9859684848,riya.agarwal23@samplemail.com,"Flat 315, Connaught Place, New Delhi",2026-04-01 10:00:00
24,Aadhya Pillai,+91-9899949389,aadhya.pillai24@samplemail.com,"Flat 819, Kalyani Nagar, Pune",2026-04-01 10:00:00
25,Kiara Menon,+91-9896977837,kiara.menon25@samplemail.com,"Flat 724, Adyar, Chennai",2026-04-01 10:00:00
26,Sneha Deshpande,+91-9895225343,sneha.deshpande26@samplemail.com,"Flat 647, Ballygunge, Kolkata",2026-04-01 10:00:00
27,Pooja Somani,+91-9842857966,pooja.somani27@samplemail.com,"Flat 574, Candolim, Goa",2026-04-01 10:00:00
28,Priya Pandey,+91-9860929647,priya.pandey28@samplemail.com,"Flat 756, Mahatma Nagar, Nashik",2026-04-01 10:00:00
29,Neha Patel,+91-9884752529,neha.patel29@samplemail.com,"Flat 802, Sector 17, Chandigarh",2026-04-01 10:00:00
30,Kavita Swaminathan,+91-9853524491,kavita.swaminathan30@samplemail.com,"Flat 335, Banjara Hills, Hyderabad",2026-04-01 10:00:00
31,Rajesh Bhatt,+91-9814308421,rajesh.bhatt31@samplemail.com,"Flat 511, HSR Layout, Bengaluru",2026-04-01 10:00:00
32,Amit Singhal,+91-9845935572,amit.singhal32@samplemail.com,"Flat 317, Bandra West, Mumbai",2026-04-01 10:00:00
33,Vikram Ahluwalia,+91-9886125617,vikram.ahluwalia33@samplemail.com,"Flat 318, Connaught Place, New Delhi",2026-04-01 10:00:00
34,Rohit Singh,+91-9897971488,rohit.singh34@samplemail.com,"Flat 506, Viman Nagar, Pune",2026-04-01 10:00:00
35,Suresh Mishra,+91-9896282117,suresh.mishra35@samplemail.com,"Flat 247, Besant Nagar, Chennai",2026-04-01 10:00:00
36,Manoj Reddy,+91-9845551614,manoj.reddy36@samplemail.com,"Flat 353, Ballygunge, Kolkata",2026-04-01 10:00:00
37,Harish Deshmukh,+91-9885345555,harish.deshmukh37@samplemail.com,"Flat 865, Calangute, Goa",2026-04-01 10:00:00
38,Arvind Nambiar,+91-9888461803,arvind.nambiar38@samplemail.com,"Flat 698, Indira Nagar, Nashik",2026-04-01 10:00:00
39,Naveen Kulkarni,+91-9863606628,naveen.kulkarni39@samplemail.com,"Flat 325, Sector 35, Chandigarh",2026-04-01 10:00:00
40,Gaurav Qureshi,+91-9828566572,gaurav.qureshi40@samplemail.com,"Flat 606, Kondapur, Hyderabad",2026-04-01 10:00:00
41,Deepa Gopinath,+91-9822201654,deepa.gopinath41@samplemail.com,"Flat 213, Indiranagar, Bengaluru",2026-04-01 10:00:00
42,Sunita Dubey,+91-9830514014,sunita.dubey42@samplemail.com,"Flat 797, Juhu, Mumbai",2026-04-01 10:00:00
43,Ritu Verma,+91-9866661351,ritu.verma43@samplemail.com,"Flat 495, Defense Colony, New Delhi",2026-04-01 10:00:00
44,Divya Mehta,+91-9861220073,divya.mehta44@samplemail.com,"Flat 642, Viman Nagar, Pune",2026-04-01 10:00:00
45,Tanvi Sengupta,+91-9843744231,tanvi.sengupta45@samplemail.com,"Flat 112, Boat Club, Chennai",2026-04-01 10:00:00
46,Shalini Saxena,+91-9825374874,shalini.saxena46@samplemail.com,"Flat 869, New Town, Kolkata",2026-04-01 10:00:00
47,Prerna Chawla,+91-9845812670,prerna.chawla47@samplemail.com,"Flat 215, Calangute, Goa",2026-04-01 10:00:00
48,Bhavna Srinivasan,+91-9849392920,bhavna.srinivasan48@samplemail.com,"Flat 262, Indira Nagar, Nashik",2026-04-01 10:00:00
49,Swati Khan,+91-9870897765,swati.khan49@samplemail.com,"Flat 840, Sector 9, Chandigarh",2026-04-01 10:00:00
50,Nandini Sharma,+91-9845351479,nandini.sharma50@samplemail.com,"Flat 881, Kondapur, Hyderabad",2026-04-01 10:00:00
51,Aarav Joshi,+91-9833978249,aarav.joshi51@samplemail.com,"Flat 209, Jayanagar, Bengaluru",2026-04-01 10:00:00
52,Vivaan Kapoor,+91-9893926371,vivaan.kapoor52@samplemail.com,"Flat 755, Colaba, Mumbai",2026-04-01 10:00:00
53,Aditya Bansal,+91-9878137358,aditya.bansal53@samplemail.com,"Flat 257, Greater Kailash, New Delhi",2026-04-01 10:00:00
54,Vihaan Prasad,+91-9860185867,vihaan.prasad54@samplemail.com,"Flat 653, Kothrud, Pune",2026-04-01 10:00:00
55,Arjun Shinde,+91-9881182864,arjun.shinde55@samplemail.com,"Flat 714, Adyar, Chennai",2026-04-01 10:00:00
56,Sai Yadav,+91-9853507489,sai.yadav56@samplemail.com,"Flat 120, Alipore, Kolkata",2026-04-01 10:00:00
57,Reyansh Bose,+91-9825014631,reyansh.bose57@samplemail.com,"Flat 415, Calangute, Goa",2026-04-01 10:00:00
58,Ayaan Nair,+91-9842138745,ayaan.nair58@samplemail.com,"Flat 347, Gangapur Road, Nashik",2026-04-01 10:00:00
59,Krishna Rao,+91-9886149359,krishna.rao59@samplemail.com,"Flat 188, Sector 9, Chandigarh",2026-04-01 10:00:00
60,Ishaan Choudhary,+91-9875228535,ishaan.choudhary60@samplemail.com,"Flat 879, Banjara Hills, Hyderabad",2026-04-01 10:00:00
61,Shaurya Mukherjee,+91-9881498611,shaurya.mukherjee61@samplemail.com,"Flat 232, Koramangala, Bengaluru",2026-04-01 10:00:00
62,Atharv Hegde,+91-9898550256,atharv.hegde62@samplemail.com,"Flat 663, Worli, Mumbai",2026-04-01 10:00:00
63,Advik Merchant,+91-9832162965,advik.merchant63@samplemail.com,"Flat 641, Connaught Place, New Delhi",2026-04-01 10:00:00
64,Pranav Shukla,+91-9891415657,pranav.shukla64@samplemail.com,"Flat 317, Viman Nagar, Pune",2026-04-01 10:00:00
65,Kabir Iyer,+91-9882383095,kabir.iyer65@samplemail.com,"Flat 831, Mylapore, Chennai",2026-04-01 10:00:00
66,Ananya Tiwari,+91-9851837852,ananya.tiwari66@samplemail.com,"Flat 788, Alipore, Kolkata",2026-04-01 10:00:00
67,Diya Sundaram,+91-9897225156,diya.sundaram67@samplemail.com,"Flat 549, Calangute, Goa",2026-04-01 10:00:00
68,Ira Singhania,+91-9879467853,ira.singhania68@samplemail.com,"Flat 224, Indira Nagar, Nashik",2026-04-01 10:00:00
69,Myra Ghosh,+91-9843273328,myra.ghosh69@samplemail.com,"Flat 166, Sector 17, Chandigarh",2026-04-01 10:00:00
70,Saanvi Iyer,+91-9855377076,saanvi.iyer70@samplemail.com,"Flat 703, Banjara Hills, Hyderabad",2026-04-01 10:00:00
71,Aanya Tripathi,+91-9884346088,aanya.tripathi71@samplemail.com,"Flat 703, Koramangala, Bengaluru",2026-04-01 10:00:00
72,Pari Kumar,+91-9839557077,pari.kumar72@samplemail.com,"Flat 173, Bandra West, Mumbai",2026-04-01 10:00:00
73,Riya Agarwal,+91-9894705205,riya.agarwal73@samplemail.com,"Flat 335, Defense Colony, New Delhi",2026-04-01 10:00:00
74,Aadhya Pillai,+91-9819046318,aadhya.pillai74@samplemail.com,"Flat 439, Koregaon Park, Pune",2026-04-01 10:00:00
75,Kiara Menon,+91-9819510312,kiara.menon75@samplemail.com,"Flat 344, Boat Club, Chennai",2026-04-01 10:00:00
76,Sneha Deshpande,+91-9847376585,sneha.deshpande76@samplemail.com,"Flat 320, Alipore, Kolkata",2026-04-01 10:00:00
77,Pooja Somani,+91-9882374753,pooja.somani77@samplemail.com,"Flat 841, Candolim, Goa",2026-04-01 10:00:00
78,Priya Pandey,+91-9886644106,priya.pandey78@samplemail.com,"Flat 349, Indira Nagar, Nashik",2026-04-01 10:00:00
79,Neha Patel,+91-9873481353,neha.patel79@samplemail.com,"Flat 295, Sector 8, Chandigarh",2026-04-01 10:00:00
80,Kavita Swaminathan,+91-9822660194,kavita.swaminathan80@samplemail.com,"Flat 775, Banjara Hills, Hyderabad",2026-04-01 10:00:00
81,Rajesh Bhatt,+91-9867854710,rajesh.bhatt81@samplemail.com,"Flat 534, HSR Layout, Bengaluru",2026-04-01 10:00:00
82,Amit Singhal,+91-9865177213,amit.singhal82@samplemail.com,"Flat 847, Worli, Mumbai",2026-04-01 10:00:00
83,Vikram Ahluwalia,+91-9817270733,vikram.ahluwalia83@samplemail.com,"Flat 163, Defense Colony, New Delhi",2026-04-01 10:00:00
84,Rohit Singh,+91-9864038913,rohit.singh84@samplemail.com,"Flat 212, Kalyani Nagar, Pune",2026-04-01 10:00:00
85,Suresh Mishra,+91-9843374088,suresh.mishra85@samplemail.com,"Flat 295, Mylapore, Chennai",2026-04-01 10:00:00
86,Manoj Reddy,+91-9881979055,manoj.reddy86@samplemail.com,"Flat 244, Alipore, Kolkata",2026-04-01 10:00:00
87,Harish Deshmukh,+91-9866623995,harish.deshmukh87@samplemail.com,"Flat 386, Candolim, Goa",2026-04-01 10:00:00
88,Arvind Nambiar,+91-9872092888,arvind.nambiar88@samplemail.com,"Flat 178, College Road, Nashik",2026-04-01 10:00:00
89,Naveen Kulkarni,+91-9869476001,naveen.kulkarni89@samplemail.com,"Flat 152, Sector 9, Chandigarh",2026-04-01 10:00:00
90,Gaurav Qureshi,+91-9897529405,gaurav.qureshi90@samplemail.com,"Flat 116, Kondapur, Hyderabad",2026-04-01 10:00:00
91,Deepa Gopinath,+91-9822517517,deepa.gopinath91@samplemail.com,"Flat 271, Koramangala, Bengaluru",2026-04-01 10:00:00
92,Sunita Dubey,+91-9864547971,sunita.dubey92@samplemail.com,"Flat 593, Worli, Mumbai",2026-04-01 10:00:00
93,Ritu Verma,+91-9838688676,ritu.verma93@samplemail.com,"Flat 161, Vasant Kunj, New Delhi",2026-04-01 10:00:00
94,Divya Mehta,+91-9832097220,divya.mehta94@samplemail.com,"Flat 103, Viman Nagar, Pune",2026-04-01 10:00:00
95,Tanvi Sengupta,+91-9862401521,tanvi.sengupta95@samplemail.com,"Flat 903, Alwarpet, Chennai",2026-04-01 10:00:00
96,Shalini Saxena,+91-9871070189,shalini.saxena96@samplemail.com,"Flat 534, Park Street, Kolkata",2026-04-01 10:00:00
97,Prerna Chawla,+91-9884593961,prerna.chawla97@samplemail.com,"Flat 259, Margao, Goa",2026-04-01 10:00:00
98,Bhavna Srinivasan,+91-9835487660,bhavna.srinivasan98@samplemail.com,"Flat 323, Mahatma Nagar, Nashik",2026-04-01 10:00:00
99,Swati Khan,+91-9817849494,swati.khan99@samplemail.com,"Flat 866, Sector 9, Chandigarh",2026-04-01 10:00:00
100,Nandini Sharma,+91-9852091325,nandini.sharma100@samplemail.com,"Flat 152, Banjara Hills, Hyderabad",2026-04-01 10:00:00
101,Aarav Joshi,+91-9888406989,aarav.joshi101@samplemail.com,"Flat 615, Whitefield, Bengaluru",2026-04-01 10:00:00
102,Vivaan Kapoor,+91-9881286543,vivaan.kapoor102@samplemail.com,"Flat 159, Juhu, Mumbai",2026-04-01 10:00:00
103,Aditya Bansal,+91-9878159587,aditya.bansal103@samplemail.com,"Flat 291, Defense Colony, New Delhi",2026-04-01 10:00:00
104,Vihaan Prasad,+91-9819196777,vihaan.prasad104@samplemail.com,"Flat 792, Koregaon Park, Pune",2026-04-01 10:00:00
105,Arjun Shinde,+91-9841568532,arjun.shinde105@samplemail.com,"Flat 223, Besant Nagar, Chennai",2026-04-01 10:00:00
106,Sai Yadav,+91-9886460539,sai.yadav106@samplemail.com,"Flat 693, Ballygunge, Kolkata",2026-04-01 10:00:00
107,Reyansh Bose,+91-9889795010,reyansh.bose107@samplemail.com,"Flat 735, Panaji, Goa",2026-04-01 10:00:00
108,Ayaan Nair,+91-9821003626,ayaan.nair108@samplemail.com,"Flat 774, Indira Nagar, Nashik",2026-04-01 10:00:00
109,Krishna Rao,+91-9888339168,krishna.rao109@samplemail.com,"Flat 368, Sector 35, Chandigarh",2026-04-01 10:00:00
110,Ishaan Choudhary,+91-9837415205,ishaan.choudhary110@samplemail.com,"Flat 345, Madhapur, Hyderabad",2026-04-01 10:00:00
111,Shaurya Mukherjee,+91-9845650176,shaurya.mukherjee111@samplemail.com,"Flat 235, Whitefield, Bengaluru",2026-04-01 10:00:00
112,Atharv Hegde,+91-9896637649,atharv.hegde112@samplemail.com,"Flat 569, Colaba, Mumbai",2026-04-01 10:00:00
113,Advik Merchant,+91-9852436584,advik.merchant113@samplemail.com,"Flat 110, Defense Colony, New Delhi",2026-04-01 10:00:00
114,Pranav Shukla,+91-9871510041,pranav.shukla114@samplemail.com,"Flat 176, Koregaon Park, Pune",2026-04-01 10:00:00
115,Kabir Iyer,+91-9882160068,kabir.iyer115@samplemail.com,"Flat 619, Mylapore, Chennai",2026-04-01 10:00:00
116,Ananya Tiwari,+91-9845594597,ananya.tiwari116@samplemail.com,"Flat 458, Ballygunge, Kolkata",2026-04-01 10:00:00
117,Diya Sundaram,+91-9819233013,diya.sundaram117@samplemail.com,"Flat 479, Candolim, Goa",2026-04-01 10:00:00
118,Ira Singhania,+91-9848250360,ira.singhania118@samplemail.com,"Flat 549, College Road, Nashik",2026-04-01 10:00:00
119,Myra Ghosh,+91-9882909480,myra.ghosh119@samplemail.com,"Flat 727, Sector 35, Chandigarh",2026-04-01 10:00:00
120,Saanvi Iyer,+91-9897775215,saanvi.iyer120@samplemail.com,"Flat 109, Kondapur, Hyderabad",2026-04-01 10:00:00
121,Aanya Tripathi,+91-9899639081,aanya.tripathi121@samplemail.com,"Flat 407, Jayanagar, Bengaluru",2026-04-01 10:00:00
122,Pari Kumar,+91-9899038526,pari.kumar122@samplemail.com,"Flat 238, Bandra West, Mumbai",2026-04-01 10:00:00
123,Riya Agarwal,+91-9845496015,riya.agarwal123@samplemail.com,"Flat 210, Defense Colony, New Delhi",2026-04-01 10:00:00
124,Aadhya Pillai,+91-9884252420,aadhya.pillai124@samplemail.com,"Flat 379, Kothrud, Pune",2026-04-01 10:00:00
125,Kiara Menon,+91-9847816686,kiara.menon125@samplemail.com,"Flat 316, Boat Club, Chennai",2026-04-01 10:00:00
126,Sneha Deshpande,+91-9856020613,sneha.deshpande126@samplemail.com,"Flat 804, Ballygunge, Kolkata",2026-04-01 10:00:00
127,Pooja Somani,+91-9895125977,pooja.somani127@samplemail.com,"Flat 618, Calangute, Goa",2026-04-01 10:00:00
128,Priya Pandey,+91-9875569635,priya.pandey128@samplemail.com,"Flat 153, Mahatma Nagar, Nashik",2026-04-01 10:00:00
129,Neha Patel,+91-9822388090,neha.patel129@samplemail.com,"Flat 384, Sector 8, Chandigarh",2026-04-01 10:00:00
130,Kavita Swaminathan,+91-9815917225,kavita.swaminathan130@samplemail.com,"Flat 442, Banjara Hills, Hyderabad",2026-04-01 10:00:00
131,Rajesh Bhatt,+91-9827558317,rajesh.bhatt131@samplemail.com,"Flat 266, HSR Layout, Bengaluru",2026-04-01 10:00:00
132,Amit Singhal,+91-9869302158,amit.singhal132@samplemail.com,"Flat 823, Powai, Mumbai",2026-04-01 10:00:00
133,Vikram Ahluwalia,+91-9867403166,vikram.ahluwalia133@samplemail.com,"Flat 215, Defense Colony, New Delhi",2026-04-01 10:00:00
134,Rohit Singh,+91-9820099059,rohit.singh134@samplemail.com,"Flat 659, Kothrud, Pune",2026-04-01 10:00:00
135,Suresh Mishra,+91-9814835614,suresh.mishra135@samplemail.com,"Flat 697, Alwarpet, Chennai",2026-04-01 10:00:00
136,Manoj Reddy,+91-9884158663,manoj.reddy136@samplemail.com,"Flat 541, Ballygunge, Kolkata",2026-04-01 10:00:00
137,Harish Deshmukh,+91-9827105448,harish.deshmukh137@samplemail.com,"Flat 416, Panaji, Goa",2026-04-01 10:00:00
138,Arvind Nambiar,+91-9858942697,arvind.nambiar138@samplemail.com,"Flat 467, Gangapur Road, Nashik",2026-04-01 10:00:00
139,Naveen Kulkarni,+91-9838195995,naveen.kulkarni139@samplemail.com,"Flat 783, Sector 17, Chandigarh",2026-04-01 10:00:00
140,Gaurav Qureshi,+91-9823796726,gaurav.qureshi140@samplemail.com,"Flat 899, Madhapur, Hyderabad",2026-04-01 10:00:00
141,Deepa Gopinath,+91-9885146293,deepa.gopinath141@samplemail.com,"Flat 736, Whitefield, Bengaluru",2026-04-01 10:00:00
142,Sunita Dubey,+91-9830743797,sunita.dubey142@samplemail.com,"Flat 267, Juhu, Mumbai",2026-04-01 10:00:00
143,Ritu Verma,+91-9833763566,ritu.verma143@samplemail.com,"Flat 126, Vasant Kunj, New Delhi",2026-04-01 10:00:00
144,Divya Mehta,+91-9834073380,divya.mehta144@samplemail.com,"Flat 902, Kalyani Nagar, Pune",2026-04-01 10:00:00
145,Tanvi Sengupta,+91-9865259205,tanvi.sengupta145@samplemail.com,"Flat 374, Mylapore, Chennai",2026-04-01 10:00:00
146,Shalini Saxena,+91-9831367172,shalini.saxena146@samplemail.com,"Flat 492, Salt Lake, Kolkata",2026-04-01 10:00:00
147,Prerna Chawla,+91-9815197528,prerna.chawla147@samplemail.com,"Flat 328, Margao, Goa",2026-04-01 10:00:00
148,Bhavna Srinivasan,+91-9836786211,bhavna.srinivasan148@samplemail.com,"Flat 459, Indira Nagar, Nashik",2026-04-01 10:00:00
149,Swati Khan,+91-9850962024,swati.khan149@samplemail.com,"Flat 329, Sector 17, Chandigarh",2026-04-01 10:00:00
150,Nandini Sharma,+91-9813176186,nandini.sharma150@samplemail.com,"Flat 509, Jubilee Hills, Hyderabad",2026-04-01 10:00:00
151,Aarav Joshi,+91-9854058573,aarav.joshi151@samplemail.com,"Flat 172, HSR Layout, Bengaluru",2026-04-01 10:00:00
152,Vivaan Kapoor,+91-9847463522,vivaan.kapoor152@samplemail.com,"Flat 757, Colaba, Mumbai",2026-04-01 10:00:00
153,Aditya Bansal,+91-9878371272,aditya.bansal153@samplemail.com,"Flat 796, Vasant Kunj, New Delhi",2026-04-01 10:00:00
154,Vihaan Prasad,+91-9881969657,vihaan.prasad154@samplemail.com,"Flat 129, Kalyani Nagar, Pune",2026-04-01 10:00:00
155,Arjun Shinde,+91-9825480907,arjun.shinde155@samplemail.com,"Flat 283, Alwarpet, Chennai",2026-04-01 10:00:00
156,Sai Yadav,+91-9887925434,sai.yadav156@samplemail.com,"Flat 140, Park Street, Kolkata",2026-04-01 10:00:00
157,Reyansh Bose,+91-9824549543,reyansh.bose157@samplemail.com,"Flat 454, Margao, Goa",2026-04-01 10:00:00
158,Ayaan Nair,+91-9852101056,ayaan.nair158@samplemail.com,"Flat 721, Indira Nagar, Nashik",2026-04-01 10:00:00
159,Krishna Rao,+91-9878642041,krishna.rao159@samplemail.com,"Flat 495, Sector 9, Chandigarh",2026-04-01 10:00:00
160,Ishaan Choudhary,+91-9887388337,ishaan.choudhary160@samplemail.com,"Flat 361, Jubilee Hills, Hyderabad",2026-04-01 10:00:00
161,Shaurya Mukherjee,+91-9815957459,shaurya.mukherjee161@samplemail.com,"Flat 102, Whitefield, Bengaluru",2026-04-01 10:00:00
162,Atharv Hegde,+91-9879782527,atharv.hegde162@samplemail.com,"Flat 804, Powai, Mumbai",2026-04-01 10:00:00
163,Advik Merchant,+91-9836445607,advik.merchant163@samplemail.com,"Flat 542, Connaught Place, New Delhi",2026-04-01 10:00:00
164,Pranav Shukla,+91-9819391725,pranav.shukla164@samplemail.com,"Flat 739, Kalyani Nagar, Pune",2026-04-01 10:00:00
165,Kabir Iyer,+91-9852133044,kabir.iyer165@samplemail.com,"Flat 838, Adyar, Chennai",2026-04-01 10:00:00
166,Ananya Tiwari,+91-9850308572,ananya.tiwari166@samplemail.com,"Flat 417, New Town, Kolkata",2026-04-01 10:00:00
167,Diya Sundaram,+91-9899508850,diya.sundaram167@samplemail.com,"Flat 435, Margao, Goa",2026-04-01 10:00:00
168,Ira Singhania,+91-9864009265,ira.singhania168@samplemail.com,"Flat 668, Mahatma Nagar, Nashik",2026-04-01 10:00:00
169,Myra Ghosh,+91-9827084279,myra.ghosh169@samplemail.com,"Flat 531, Sector 17, Chandigarh",2026-04-01 10:00:00
170,Saanvi Iyer,+91-9899245317,saanvi.iyer170@samplemail.com,"Flat 794, Gachibowli, Hyderabad",2026-04-01 10:00:00
171,Aanya Tripathi,+91-9833357554,aanya.tripathi171@samplemail.com,"Flat 683, Jayanagar, Bengaluru",2026-04-01 10:00:00
172,Pari Kumar,+91-9850392808,pari.kumar172@samplemail.com,"Flat 662, Worli, Mumbai",2026-04-01 10:00:00
173,Riya Agarwal,+91-9810054484,riya.agarwal173@samplemail.com,"Flat 394, Connaught Place, New Delhi",2026-04-01 10:00:00
174,Aadhya Pillai,+91-9838210242,aadhya.pillai174@samplemail.com,"Flat 905, Viman Nagar, Pune",2026-04-01 10:00:00
175,Kiara Menon,+91-9887844239,kiara.menon175@samplemail.com,"Flat 771, Boat Club, Chennai",2026-04-01 10:00:00
176,Sneha Deshpande,+91-9853251559,sneha.deshpande176@samplemail.com,"Flat 553, Alipore, Kolkata",2026-04-01 10:00:00
177,Pooja Somani,+91-9869345683,pooja.somani177@samplemail.com,"Flat 624, Candolim, Goa",2026-04-01 10:00:00
178,Priya Pandey,+91-9873509974,priya.pandey178@samplemail.com,"Flat 775, College Road, Nashik",2026-04-01 10:00:00
179,Neha Patel,+91-9821381064,neha.patel179@samplemail.com,"Flat 628, Sector 35, Chandigarh",2026-04-01 10:00:00
180,Kavita Swaminathan,+91-9899100953,kavita.swaminathan180@samplemail.com,"Flat 444, Kondapur, Hyderabad",2026-04-01 10:00:00
181,Rajesh Bhatt,+91-9822534217,rajesh.bhatt181@samplemail.com,"Flat 789, Koramangala, Bengaluru",2026-04-01 10:00:00
182,Amit Singhal,+91-9851663795,amit.singhal182@samplemail.com,"Flat 304, Juhu, Mumbai",2026-04-01 10:00:00
183,Vikram Ahluwalia,+91-9829777514,vikram.ahluwalia183@samplemail.com,"Flat 148, Defense Colony, New Delhi",2026-04-01 10:00:00
184,Rohit Singh,+91-9842862209,rohit.singh184@samplemail.com,"Flat 726, Viman Nagar, Pune",2026-04-01 10:00:00
185,Suresh Mishra,+91-9819774839,suresh.mishra185@samplemail.com,"Flat 525, Besant Nagar, Chennai",2026-04-01 10:00:00
186,Manoj Reddy,+91-9894525678,manoj.reddy186@samplemail.com,"Flat 300, New Town, Kolkata",2026-04-01 10:00:00
187,Harish Deshmukh,+91-9861536717,harish.deshmukh187@samplemail.com,"Flat 510, Margao, Goa",2026-04-01 10:00:00
188,Arvind Nambiar,+91-9842747037,arvind.nambiar188@samplemail.com,"Flat 772, College Road, Nashik",2026-04-01 10:00:00
189,Naveen Kulkarni,+91-9810744212,naveen.kulkarni189@samplemail.com,"Flat 898, Sector 9, Chandigarh",2026-04-01 10:00:00
190,Gaurav Qureshi,+91-9867062156,gaurav.qureshi190@samplemail.com,"Flat 281, Jubilee Hills, Hyderabad",2026-04-01 10:00:00
191,Deepa Gopinath,+91-9879519112,deepa.gopinath191@samplemail.com,"Flat 152, Whitefield, Bengaluru",2026-04-01 10:00:00
192,Sunita Dubey,+91-9884813739,sunita.dubey192@samplemail.com,"Flat 225, Juhu, Mumbai",2026-04-01 10:00:00
193,Ritu Verma,+91-9871265269,ritu.verma193@samplemail.com,"Flat 576, Greater Kailash, New Delhi",2026-04-01 10:00:00
194,Divya Mehta,+91-9899600766,divya.mehta194@samplemail.com,"Flat 874, Kalyani Nagar, Pune",2026-04-01 10:00:00
195,Tanvi Sengupta,+91-9869401199,tanvi.sengupta195@samplemail.com,"Flat 837, Boat Club, Chennai",2026-04-01 10:00:00
196,Shalini Saxena,+91-9877750178,shalini.saxena196@samplemail.com,"Flat 662, Alipore, Kolkata",2026-04-01 10:00:00
197,Prerna Chawla,+91-9869849511,prerna.chawla197@samplemail.com,"Flat 862, Candolim, Goa",2026-04-01 10:00:00
198,Bhavna Srinivasan,+91-9873709724,bhavna.srinivasan198@samplemail.com,"Flat 366, Indira Nagar, Nashik",2026-04-01 10:00:00
199,Swati Khan,+91-9843183955,swati.khan199@samplemail.com,"Flat 885, Sector 35, Chandigarh",2026-04-01 10:00:00
200,Nandini Sharma,+91-9879967676,nandini.sharma200@samplemail.com,"Flat 742, Gachibowli, Hyderabad",2026-04-01 10:00:00
201,Aarav Joshi,+91-9842111036,aarav.joshi201@samplemail.com,"Flat 551, HSR Layout, Bengaluru",2026-04-01 10:00:00
202,Vivaan Kapoor,+91-9820399639,vivaan.kapoor202@samplemail.com,"Flat 341, Colaba, Mumbai",2026-04-01 10:00:00
203,Aditya Bansal,+91-9846468984,aditya.bansal203@samplemail.com,"Flat 428, Connaught Place, New Delhi",2026-04-01 10:00:00
204,Vihaan Prasad,+91-9882498004,vihaan.prasad204@samplemail.com,"Flat 242, Koregaon Park, Pune",2026-04-01 10:00:00
205,Arjun Shinde,+91-9830244148,arjun.shinde205@samplemail.com,"Flat 493, Mylapore, Chennai",2026-04-01 10:00:00
206,Sai Yadav,+91-9830509175,sai.yadav206@samplemail.com,"Flat 166, Ballygunge, Kolkata",2026-04-01 10:00:00
207,Reyansh Bose,+91-9865682626,reyansh.bose207@samplemail.com,"Flat 439, Margao, Goa",2026-04-01 10:00:00
208,Ayaan Nair,+91-9882828034,ayaan.nair208@samplemail.com,"Flat 526, Indira Nagar, Nashik",2026-04-01 10:00:00
209,Krishna Rao,+91-9818357162,krishna.rao209@samplemail.com,"Flat 531, Sector 17, Chandigarh",2026-04-01 10:00:00
210,Ishaan Choudhary,+91-9862274692,ishaan.choudhary210@samplemail.com,"Flat 813, Kondapur, Hyderabad",2026-04-01 10:00:00
211,Shaurya Mukherjee,+91-9812621534,shaurya.mukherjee211@samplemail.com,"Flat 490, Jayanagar, Bengaluru",2026-04-01 10:00:00
212,Atharv Hegde,+91-9874019136,atharv.hegde212@samplemail.com,"Flat 461, Bandra West, Mumbai",2026-04-01 10:00:00
213,Advik Merchant,+91-9850079111,advik.merchant213@samplemail.com,"Flat 530, Vasant Kunj, New Delhi",2026-04-01 10:00:00
214,Pranav Shukla,+91-9882238741,pranav.shukla214@samplemail.com,"Flat 600, Kothrud, Pune",2026-04-01 10:00:00
215,Kabir Iyer,+91-9839450273,kabir.iyer215@samplemail.com,"Flat 547, Alwarpet, Chennai",2026-04-01 10:00:00
216,Ananya Tiwari,+91-9875181765,ananya.tiwari216@samplemail.com,"Flat 499, Salt Lake, Kolkata",2026-04-01 10:00:00
217,Diya Sundaram,+91-9855114543,diya.sundaram217@samplemail.com,"Flat 842, Margao, Goa",2026-04-01 10:00:00
218,Ira Singhania,+91-9832151928,ira.singhania218@samplemail.com,"Flat 231, Indira Nagar, Nashik",2026-04-01 10:00:00
219,Myra Ghosh,+91-9893517915,myra.ghosh219@samplemail.com,"Flat 504, Sector 9, Chandigarh",2026-04-01 10:00:00
220,Saanvi Iyer,+91-9889442503,saanvi.iyer220@samplemail.com,"Flat 779, Kondapur, Hyderabad",2026-04-01 10:00:00
221,Aanya Tripathi,+91-9813637575,aanya.tripathi221@samplemail.com,"Flat 759, Indiranagar, Bengaluru",2026-04-01 10:00:00
222,Pari Kumar,+91-9867527432,pari.kumar222@samplemail.com,"Flat 573, Juhu, Mumbai",2026-04-01 10:00:00
223,Riya Agarwal,+91-9834391257,riya.agarwal223@samplemail.com,"Flat 367, Defense Colony, New Delhi",2026-04-01 10:00:00
224,Aadhya Pillai,+91-9860882459,aadhya.pillai224@samplemail.com,"Flat 317, Kalyani Nagar, Pune",2026-04-01 10:00:00
225,Kiara Menon,+91-9871028710,kiara.menon225@samplemail.com,"Flat 446, Alwarpet, Chennai",2026-04-01 10:00:00
226,Sneha Deshpande,+91-9860885459,sneha.deshpande226@samplemail.com,"Flat 871, Park Street, Kolkata",2026-04-01 10:00:00
227,Pooja Somani,+91-9866581473,pooja.somani227@samplemail.com,"Flat 184, Calangute, Goa",2026-04-01 10:00:00
228,Priya Pandey,+91-9873123515,priya.pandey228@samplemail.com,"Flat 868, Gangapur Road, Nashik",2026-04-01 10:00:00
229,Neha Patel,+91-9882399599,neha.patel229@samplemail.com,"Flat 459, Sector 9, Chandigarh",2026-04-01 10:00:00
230,Kavita Swaminathan,+91-9840094589,kavita.swaminathan230@samplemail.com,"Flat 900, Banjara Hills, Hyderabad",2026-04-01 10:00:00
231,Rajesh Bhatt,+91-9897477029,rajesh.bhatt231@samplemail.com,"Flat 873, Indiranagar, Bengaluru",2026-04-01 10:00:00
232,Amit Singhal,+91-9814164775,amit.singhal232@samplemail.com,"Flat 305, Juhu, Mumbai",2026-04-01 10:00:00
233,Vikram Ahluwalia,+91-9812735359,vikram.ahluwalia233@samplemail.com,"Flat 345, Greater Kailash, New Delhi",2026-04-01 10:00:00
234,Rohit Singh,+91-9826941092,rohit.singh234@samplemail.com,"Flat 786, Viman Nagar, Pune",2026-04-01 10:00:00
235,Suresh Mishra,+91-9825353091,suresh.mishra235@samplemail.com,"Flat 324, Boat Club, Chennai",2026-04-01 10:00:00
236,Manoj Reddy,+91-9872415804,manoj.reddy236@samplemail.com,"Flat 886, Park Street, Kolkata",2026-04-01 10:00:00
237,Harish Deshmukh,+91-9859512272,harish.deshmukh237@samplemail.com,"Flat 721, Candolim, Goa",2026-04-01 10:00:00
238,Arvind Nambiar,+91-9891503378,arvind.nambiar238@samplemail.com,"Flat 897, Gangapur Road, Nashik",2026-04-01 10:00:00
239,Naveen Kulkarni,+91-9831980274,naveen.kulkarni239@samplemail.com,"Flat 211, Sector 35, Chandigarh",2026-04-01 10:00:00
240,Gaurav Qureshi,+91-9887669750,gaurav.qureshi240@samplemail.com,"Flat 420, Banjara Hills, Hyderabad",2026-04-01 10:00:00
241,Deepa Gopinath,+91-9887282128,deepa.gopinath241@samplemail.com,"Flat 507, Whitefield, Bengaluru",2026-04-01 10:00:00
242,Sunita Dubey,+91-9836619372,sunita.dubey242@samplemail.com,"Flat 707, Bandra West, Mumbai",2026-04-01 10:00:00
243,Ritu Verma,+91-9894187049,ritu.verma243@samplemail.com,"Flat 205, Greater Kailash, New Delhi",2026-04-01 10:00:00
244,Divya Mehta,+91-9850477742,divya.mehta244@samplemail.com,"Flat 680, Koregaon Park, Pune",2026-04-01 10:00:00
245,Tanvi Sengupta,+91-9815512205,tanvi.sengupta245@samplemail.com,"Flat 646, Alwarpet, Chennai",2026-04-01 10:00:00
246,Shalini Saxena,+91-9867495923,shalini.saxena246@samplemail.com,"Flat 171, Park Street, Kolkata",2026-04-01 10:00:00
247,Prerna Chawla,+91-9877908907,prerna.chawla247@samplemail.com,"Flat 113, Calangute, Goa",2026-04-01 10:00:00
248,Bhavna Srinivasan,+91-9866379329,bhavna.srinivasan248@samplemail.com,"Flat 209, Indira Nagar, Nashik",2026-04-01 10:00:00
249,Swati Khan,+91-9868186525,swati.khan249@samplemail.com,"Flat 751, Sector 35, Chandigarh",2026-04-01 10:00:00
250,Nandini Sharma,+91-9871705170,nandini.sharma250@samplemail.com,"Flat 546, Jubilee Hills, Hyderabad",2026-04-01 10:00:00
