inventory_id,wine_id,stock_quantity,reorder_level
1,1,45,10
2,2,60,10
3,3,80,10
4,4,8,15
5,5,40,10
6,6,55,10
7,7,5,15
8,8,35,10
9,9,6,15
10,10,40,10
11,11,50,10
12,12,30,10
13,13,65,10
14,14,35,10
15,15,7,15
16,16,70,10
17,17,4,15
18,18,20,10
19,19,30,10
20,20,5,15
21,21,3,15
22,22,40,10
23,23,45,10
24,24,75,10
25,25,50,10
26,26,35,10
27,27,28,10
28,28,60,10
29,29,40,10
30,30,22,10
31,31,26,10
32,32,50,10
33,33,38,10
34,34,42,10
35,35,30,10
36,36,35,10
37,37,55,10
38,38,48,10
39,39,6,15
40,40,65,10
41,41,32,10
42,42,28,10
43,43,60,10
44,44,90,10
45,45,40,10
46,46,52,10
47,47,35,10
48,48,2,15
49,49,3,15
50,50,85,10
