order_detail_id,order_id,wine_id,quantity,unit_price,subtotal
1,1,30,3,1550.0,4650.0
2,1,28,2,950.0,1900.0
3,1,47,2,690.0,1380.0
4,2,29,2,850.0,1700.0
5,2,16,3,750.0,2250.0
6,2,49,3,4200.0,12600.0
7,3,12,2,1500.0,3000.0
8,3,32,2,820.0,1640.0
9,3,14,2,1400.0,2800.0
10,4,34,1,900.0,900.0
11,4,13,1,950.0,950.0
12,5,45,3,1250.0,3750.0
13,5,31,3,1450.0,4350.0
14,6,15,1,1250.0,1250.0
15,6,26,2,1900.0,3800.0
16,6,45,3,1250.0,3750.0
17,7,28,2,950.0,1900.0
18,7,48,2,3800.0,7600.0
19,7,36,3,980.0,2940.0
20,8,47,2,690.0,1380.0
21,8,13,1,950.0,950.0
22,9,14,2,1400.0,2800.0
23,9,48,2,3800.0,7600.0
24,10,7,1,2250.0,2250.0
25,10,13,2,950.0,1900.0
26,10,19,1,1250.0,1250.0
27,11,3,2,795.0,1590.0
28,11,4,3,1050.0,3150.0
29,11,36,1,980.0,980.0
30,12,31,1,1450.0,1450.0
31,12,29,1,850.0,850.0
32,12,22,2,920.0,1840.0
33,13,32,3,820.0,2460.0
34,13,5,3,1450.0,4350.0
35,13,37,1,990.0,990.0
36,14,6,3,1200.0,3600.0
37,14,16,2,750.0,1500.0
38,14,8,3,1495.0,4485.0
39,15,29,2,850.0,1700.0
40,15,20,2,1650.0,3300.0
41,15,38,3,890.0,2670.0
42,16,49,3,4200.0,12600.0
43,16,14,1,1400.0,1400.0
44,17,11,2,1650.0,3300.0
45,17,1,2,1850.0,3700.0
46,18,19,2,1250.0,2500.0
47,18,46,3,760.0,2280.0
48,19,41,1,1200.0,1200.0
49,19,38,2,890.0,1780.0
50,19,43,1,720.0,720.0
51,20,10,1,2100.0,2100.0
52,20,5,2,1450.0,2900.0
53,20,4,3,1050.0,3150.0
54,21,30,2,1550.0,3100.0
55,21,45,3,1250.0,3750.0
56,22,6,2,1200.0,2400.0
57,22,39,3,1250.0,3750.0
58,22,3,2,795.0,1590.0
59,23,49,2,4200.0,8400.0
60,23,44,3,550.0,1650.0
61,24,18,2,1800.0,3600.0
62,24,12,3,1500.0,4500.0
63,24,38,2,890.0,1780.0
64,25,21,1,1950.0,1950.0
65,25,43,2,720.0,1440.0
66,25,7,2,2250.0,4500.0
67,26,49,2,4200.0,8400.0
68,26,36,1,980.0,980.0
69,26,3,2,795.0,1590.0
70,27,33,3,1300.0,3900.0
71,27,1,2,1850.0,3700.0
72,27,43,2,720.0,1440.0
73,28,41,1,1200.0,1200.0
74,28,29,1,850.0,850.0
75,28,49,2,4200.0,8400.0
76,29,8,3,1495.0,4485.0
77,29,2,1,1350.0,1350.0
78,29,41,3,1200.0,3600.0
79,30,6,2,1200.0,2400.0
80,30,15,1,1250.0,1250.0
81,30,8,3,1495.0,4485.0
82,31,33,2,1300.0,2600.0
83,31,46,2,760.0,1520.0
84,31,18,2,1800.0,3600.0
85,32,39,3,1250.0,3750.0
86,32,33,1,1300.0,1300.0
87,33,22,1,920.0,920.0
88,33,33,2,1300.0,2600.0
89,33,18,3,1800.0,5400.0
90,34,10,2,2100.0,4200.0
91,34,29,2,850.0,1700.0
92,34,35,2,1100.0,2200.0
93,35,13,3,950.0,2850.0
94,35,45,2,1250.0,2500.0
95,35,16,1,750.0,750.0
96,36,46,3,760.0,2280.0
97,36,25,1,1750.0,1750.0
98,36,43,2,720.0,1440.0
99,37,7,2,2250.0,4500.0
100,37,29,1,850.0,850.0
101,37,34,3,900.0,2700.0
102,38,5,2,1450.0,2900.0
103,38,31,2,1450.0,2900.0
104,39,44,2,550.0,1100.0
105,39,35,3,1100.0,3300.0
106,39,25,3,1750.0,5250.0
107,40,16,3,750.0,2250.0
108,40,41,2,1200.0,2400.0
109,41,29,3,850.0,2550.0
110,41,11,2,1650.0,3300.0
111,42,19,2,1250.0,2500.0
112,42,23,2,1150.0,2300.0
113,43,11,1,1650.0,1650.0
114,43,12,3,1500.0,4500.0
115,44,38,2,890.0,1780.0
116,44,10,3,2100.0,6300.0
117,44,15,2,1250.0,2500.0
118,45,19,1,1250.0,1250.0
119,45,44,1,550.0,550.0
120,45,35,2,1100.0,2200.0
121,46,45,2,1250.0,2500.0
122,46,17,1,2400.0,2400.0
123,46,30,2,1550.0,3100.0
124,47,37,2,990.0,1980.0
125,47,19,1,1250.0,1250.0
126,47,45,3,1250.0,3750.0
127,48,39,2,1250.0,2500.0
128,48,48,2,3800.0,7600.0
129,49,41,3,1200.0,3600.0
130,49,13,2,950.0,1900.0
131,50,20,1,1650.0,1650.0
132,50,29,3,850.0,2550.0
133,51,48,1,3800.0,3800.0
134,51,27,1,1700.0,1700.0
135,51,12,3,1500.0,4500.0
136,52,11,2,1650.0,3300.0
137,52,17,3,2400.0,7200.0
138,52,31,2,1450.0,2900.0
139,53,49,3,4200.0,12600.0
140,53,15,3,1250.0,3750.0
141,54,6,2,1200.0,2400.0
142,54,26,3,1900.0,5700.0
143,54,1,1,1850.0,1850.0
144,55,38,2,890.0,1780.0
145,55,25,1,1750.0,1750.0
146,55,41,3,1200.0,3600.0
147,56,40,1,780.0,780.0
148,56,15,3,1250.0,3750.0
149,56,42,2,1150.0,2300.0
150,57,3,2,795.0,1590.0
151,57,20,1,1650.0,1650.0
152,58,30,3,1550.0,4650.0
153,58,24,3,680.0,2040.0
154,58,43,3,720.0,2160.0
155,59,42,3,1150.0,3450.0
156,59,7,2,2250.0,4500.0
157,59,32,2,820.0,1640.0
158,60,24,3,680.0,2040.0
159,60,7,2,2250.0,4500.0
160,61,8,1,1495.0,1495.0
161,61,30,3,1550.0,4650.0
162,62,16,1,750.0,750.0
163,62,9,1,1350.0,1350.0
164,62,37,3,990.0,2970.0
165,63,22,1,920.0,920.0
166,63,50,3,620.0,1860.0
167,64,35,1,1100.0,1100.0
168,64,17,1,2400.0,2400.0
169,65,38,1,890.0,890.0
170,65,21,1,1950.0,1950.0
171,66,48,2,3800.0,7600.0
172,66,5,2,1450.0,2900.0
173,67,33,1,1300.0,1300.0
174,67,15,3,1250.0,3750.0
175,67,40,3,780.0,2340.0
176,68,4,2,1050.0,2100.0
177,68,31,2,1450.0,2900.0
178,69,5,3,1450.0,4350.0
179,69,6,1,1200.0,1200.0
180,69,21,1,1950.0,1950.0
181,70,25,2,1750.0,3500.0
182,70,39,2,1250.0,2500.0
183,70,34,3,900.0,2700.0
184,71,42,3,1150.0,3450.0
185,71,50,3,620.0,1860.0
186,72,27,2,1700.0,3400.0
187,72,22,2,920.0,1840.0
188,73,24,2,680.0,1360.0
189,73,10,1,2100.0,2100.0
190,73,44,1,550.0,550.0
191,74,9,3,1350.0,4050.0
192,74,36,3,980.0,2940.0
193,74,4,3,1050.0,3150.0
194,75,47,3,690.0,2070.0
195,75,4,2,1050.0,2100.0
196,75,19,2,1250.0,2500.0
197,76,15,3,1250.0,3750.0
198,76,7,2,2250.0,4500.0
199,76,23,1,1150.0,1150.0
200,77,36,3,980.0,2940.0
201,77,50,3,620.0,1860.0
202,77,40,3,780.0,2340.0
203,78,2,3,1350.0,4050.0
204,78,12,2,1500.0,3000.0
205,78,18,2,1800.0,3600.0
206,79,5,3,1450.0,4350.0
207,79,10,1,2100.0,2100.0
208,79,48,1,3800.0,3800.0
209,80,22,2,920.0,1840.0
210,80,11,3,1650.0,4950.0
211,80,24,2,680.0,1360.0
212,81,10,3,2100.0,6300.0
213,81,11,1,1650.0,1650.0
214,82,32,2,820.0,1640.0
215,82,39,2,1250.0,2500.0
216,82,29,1,850.0,850.0
217,83,19,3,1250.0,3750.0
218,83,44,3,550.0,1650.0
219,84,26,1,1900.0,1900.0
220,84,39,1,1250.0,1250.0
221,85,19,1,1250.0,1250.0
222,85,21,2,1950.0,3900.0
223,85,8,3,1495.0,4485.0
224,86,33,3,1300.0,3900.0
225,86,36,2,980.0,1960.0
226,87,2,2,1350.0,2700.0
227,87,30,3,1550.0,4650.0
228,87,5,2,1450.0,2900.0
229,88,8,2,1495.0,2990.0
230,88,26,1,1900.0,1900.0
231,88,2,3,1350.0,4050.0
232,89,16,3,750.0,2250.0
233,89,28,2,950.0,1900.0
234,90,15,1,1250.0,1250.0
235,90,22,1,920.0,920.0
236,90,50,3,620.0,1860.0
237,91,23,1,1150.0,1150.0
238,91,47,1,690.0,690.0
239,91,42,1,1150.0,1150.0
240,92,49,1,4200.0,4200.0
241,92,42,1,1150.0,1150.0
242,93,44,3,550.0,1650.0
243,93,37,3,990.0,2970.0
244,93,42,2,1150.0,2300.0
245,94,29,2,850.0,1700.0
246,94,41,3,1200.0,3600.0
247,94,20,1,1650.0,1650.0
248,95,3,2,795.0,1590.0
249,95,4,1,1050.0,1050.0
250,95,24,3,680.0,2040.0
251,96,30,3,1550.0,4650.0
252,96,38,1,890.0,890.0
253,96,36,2,980.0,1960.0
254,97,33,2,1300.0,2600.0
255,97,10,1,2100.0,2100.0
256,97,4,2,1050.0,2100.0
257,98,16,2,750.0,1500.0
258,98,46,2,760.0,1520.0
259,99,19,2,1250.0,2500.0
260,99,25,3,1750.0,5250.0
261,99,27,3,1700.0,5100.0
262,100,19,3,1250.0,3750.0
263,100,17,3,2400.0,7200.0
264,100,47,1,690.0,690.0
