order_id,customer_id,order_date,total_amount,payment_status
1,46,2026-04-03 07:41:00,7930.0,Paid
2,219,2026-04-04 14:53:00,16550.0,Pending
3,172,2026-04-06 05:21:00,7440.0,Paid
4,72,2026-04-07 20:44:00,1850.0,Pending
5,185,2026-04-09 05:31:00,8100.0,Paid
6,126,2026-04-10 18:50:00,8800.0,Paid
7,149,2026-04-12 04:30:00,12440.0,Paid
8,117,2026-04-13 15:19:00,2330.0,Paid
9,191,2026-04-15 07:48:00,10400.0,Paid
10,186,2026-04-16 20:48:00,5400.0,Paid
11,78,2026-04-17 23:45:00,5720.0,Paid
12,164,2026-04-19 18:06:00,4140.0,Pending
13,241,2026-04-21 06:07:00,7800.0,Paid
14,39,2026-04-22 13:51:00,9585.0,Paid
15,153,2026-04-24 08:14:00,7670.0,Paid
16,159,2026-04-25 11:39:00,14000.0,Pending
17,68,2026-04-27 00:10:00,7000.0,Paid
18,177,2026-04-28 20:30:00,4780.0,Paid
19,221,2026-04-30 06:04:00,3700.0,Paid
20,140,2026-05-01 14:41:00,8150.0,Paid
21,192,2026-05-03 08:58:00,6850.0,Paid
22,104,2026-05-04 15:32:00,7740.0,Paid
23,155,2026-05-06 03:01:00,10050.0,Paid
24,11,2026-05-07 13:30:00,9880.0,Paid
25,249,2026-05-09 00:30:00,7890.0,Paid
26,178,2026-05-10 18:18:00,10970.0,Paid
27,65,2026-05-12 04:07:00,9040.0,Pending
28,14,2026-05-13 14:33:00,10450.0,Paid
29,141,2026-05-15 01:59:00,9435.0,Paid
30,41,2026-05-16 15:35:00,8135.0,Paid
31,214,2026-05-18 01:31:00,7720.0,Pending
32,63,2026-05-19 18:35:00,5050.0,Paid
33,222,2026-05-21 00:17:00,8920.0,Paid
34,77,2026-05-22 20:37:00,8100.0,Pending
35,142,2026-05-24 07:24:00,6100.0,Paid
36,220,2026-05-25 17:02:00,5470.0,Paid
37,247,2026-05-26 23:08:00,8050.0,Paid
38,37,2026-05-28 17:55:00,5800.0,Paid
39,160,2026-05-30 05:41:00,9650.0,Paid
40,228,2026-05-31 18:55:00,4650.0,Paid
41,59,2026-06-02 00:27:00,5850.0,Pending
42,232,2026-06-03 11:02:00,4800.0,Paid
43,38,2026-06-05 02:33:00,6150.0,Paid
44,223,2026-06-06 17:39:00,10580.0,Paid
45,118,2026-06-08 03:42:00,4000.0,Paid
46,242,2026-06-09 16:37:00,8000.0,Paid
47,219,2026-06-11 06:06:00,6980.0,Paid
48,102,2026-06-12 15:00:00,10100.0,Paid
49,199,2026-06-14 02:38:00,5500.0,Paid
50,174,2026-06-15 13:40:00,4200.0,Paid
51,94,2026-06-17 01:05:00,10000.0,Pending
52,225,2026-06-18 16:33:00,13400.0,Paid
53,206,2026-06-20 00:29:00,16350.0,Pending
54,173,2026-06-21 17:54:00,9950.0,Paid
55,117,2026-06-23 04:43:00,7130.0,Paid
56,60,2026-06-24 18:01:00,6830.0,Paid
57,233,2026-06-26 03:41:00,3240.0,Paid
58,25,2026-06-27 14:56:00,8850.0,Paid
59,108,2026-06-29 08:47:00,9590.0,Paid
60,9,2026-06-30 16:13:00,6540.0,Paid
61,140,2026-07-02 04:03:00,6145.0,Paid
62,55,2026-07-03 20:01:00,5070.0,Paid
63,54,2026-07-05 08:13:00,2780.0,Paid
64,1,2026-07-06 15:54:00,3500.0,Pending
65,170,2026-07-07 23:08:00,2840.0,Paid
66,68,2026-07-09 11:08:00,10500.0,Paid
67,200,2026-07-11 04:32:00,7390.0,Paid
68,134,2026-07-12 15:29:00,5000.0,Paid
69,176,2026-07-14 00:31:00,7500.0,Paid
70,33,2026-07-15 15:39:00,8700.0,Paid
71,155,2026-07-17 05:06:00,5310.0,Paid
72,222,2026-07-18 14:27:00,5240.0,Paid
73,107,2026-07-20 00:20:00,4010.0,Paid
74,213,2026-07-21 12:05:00,10140.0,Paid
75,85,2026-07-23 00:26:00,6670.0,Paid
76,27,2026-07-24 20:32:00,9400.0,Paid
77,196,2026-07-26 03:36:00,7140.0,Paid
78,143,2026-07-27 11:38:00,10650.0,Pending
79,90,2026-07-28 23:11:00,10250.0,Pending
80,192,2026-07-30 19:13:00,8150.0,Paid
81,199,2026-08-01 08:38:00,7950.0,Paid
82,173,2026-08-02 12:17:00,4990.0,Paid
83,194,2026-08-04 07:07:00,5400.0,Paid
84,125,2026-08-05 19:42:00,3150.0,Paid
85,53,2026-08-07 03:13:00,9635.0,Paid
86,111,2026-08-08 13:08:00,5860.0,Paid
87,19,2026-08-10 05:55:00,10250.0,Paid
88,147,2026-08-11 17:45:00,8940.0,Paid
89,118,2026-08-13 04:05:00,4150.0,Paid
90,135,2026-08-14 12:25:00,4030.0,Pending
91,163,2026-08-16 00:33:00,2990.0,Paid
92,38,2026-08-17 15:12:00,5350.0,Paid
93,244,2026-08-19 06:29:00,6920.0,Paid
94,222,2026-08-20 16:09:00,6950.0,Paid
95,91,2026-08-22 07:04:00,4680.0,Paid
96,222,2026-08-23 12:39:00,7500.0,Paid
97,233,2026-08-25 08:41:00,6800.0,Paid
98,183,2026-08-26 12:32:00,3020.0,Paid
99,135,2026-08-28 07:39:00,12850.0,Paid
100,14,2026-08-29 16:04:00,11640.0,Paid
