supplier_id,supplier_name,phone,email,address
1,Sula Vineyards Ltd,+91-253-2297200,orders@sulawines.com,"Govardhan Village, Gangapur Dam Road, Nashik, Maharashtra"
2,Grover Zampa Vineyards,+91-80-27622826,sales@groverzampa.com,"Raghunathapur, Doddaballapur Road, Bengaluru, Karnataka"
3,Fratelli Wines Pvt Ltd,+91-218-4228000,contact@fratelliwines.in,"Akluj, Solapur District, Maharashtra"
4,York Winery & Tasting Room,+91-253-2230700,info@yorkwinery.com,"Gangavarhe Village, Gangapur Dam, Nashik, Maharashtra"
5,KRSMA Estates Vineyard,+91-83-94240500,cellar@krsmaestates.com,"Hampi Hills, Koppal District, Karnataka"
6,Vallonne Vineyards Boutique,+91-9769138346,enquiry@vallonnevineyards.com,"Kavnai, Igatpuri, Nashik, Maharashtra"
7,Soma Vine Village,+91-7028065001,reservations@somavinevillage.com,"Village Ganghavare, Gangapur-Savargaon Road, Nashik"
8,Domaine Chandon India,+91-253-3049100,chandonservice@chandon.co.in,"Dindori, Nashik District, Maharashtra"
9,Charosa Wineries Ltd,+91-22-67097777,orders@charosawineries.com,"Charosa Village, Dindori Taluka, Nashik, Maharashtra"
10,Vintage Wines (Reveilo),+91-255-6258010,reveilo@vintagewines.co.in,"Niphad, Nashik District, Maharashtra"
11,Four Seasons Vineyards,+91-211-2244200,cellar@fourseasonsvineyards.com,"Rangaon, Daund Taluka, Pune District, Maharashtra"
12,Good Earth Winery Co,+91-253-2341200,sales@goodearthwinery.com,"Vinchur Wine Park, Nashik, Maharashtra"
13,Big Banyan Wines Ltd,+91-80-41235678,contact@bigbanyanwines.com,"Kalyanipura, Nelamangala Taluk, Bengaluru Rural"
14,Chateau Indage Heritage,+91-211-4237100,heritage@chateauindage.com,"Narayangaon, Pune District, Maharashtra"
15,Renaissance Winery Nashik,+91-253-2415500,sales@renaissancewinery.net,"Ozar, Nashik-Agra Highway, Maharashtra"
16,Mokssh Vineyards India,+91-253-6691234,info@moksshwines.com,"Dindori Valley, Nashik, Maharashtra"
17,Deccan Plateau Cellars,+91-83-22741200,info@deccanplateau.in,"Bilekallu Village, Bijapur District, Karnataka"
18,Aarna Wine Distributors,+91-40-23351299,aarnawines@distributors.com,"Banjara Hills Road No 12, Hyderabad, Telangana"
19,Nashik Valley Estates,+91-253-2570088,sales@nashikvalley.com,"MIDC Ambad, Nashik, Maharashtra"
20,Heritage Grape Winery,+91-80-22214455,heritage@grapewinery.in,"Kengeri Satellite Town, Bengaluru, Karnataka"
21,Tuscan Heritage Importers,+91-22-40019900,import@tuscanheritage.com,"Worli Seaface, Mumbai, Maharashtra"
22,Bordeaux Selections India,+91-11-41527788,contact@bordeauxselections.in,"Connaught Place, New Delhi"
23,Goa Portuguese Cellars,+91-832-2431200,portuguesecellars@goawines.com,"Fontainhas, Panaji, Goa"
24,Rio Wine & Spirit Merchants,+91-20-25661122,merchant@riowines.co.in,"Shivajinagar, Pune, Maharashtra"
25,Silver Oak Beverage Traders,+91-44-28271100,silveroak@beveragetraders.com,"Nungambakkam, Chennai, Tamil Nadu"
